{
  "temperature": {
    "mean": 0.14994937181472778,
    "p90": 0.24103602766990662,
    "max": 3.5641796588897705
  },
  "grad_norm": {
    "mean": 0.0016559280920773745,
    "p90": 0.0013460989575833082,
    "max": 0.03242882341146469
  }
}