{
  "temperature": {
    "mean": 1.8688018321990967,
    "p90": 3.711759567260742,
    "max": 171.9764862060547
  },
  "grad_norm": {
    "mean": 0.07207480072975159,
    "p90": 0.11035054922103882,
    "max": 5.399776935577393
  }
}