{
  "temperature": {
    "mean": 0.0002308926486875862,
    "p90": 0.0007137713837437332,
    "max": 0.0015320966485887766
  },
  "grad_norm": {
    "mean": 3.1532040338788647e-06,
    "p90": 8.321706445713062e-06,
    "max": 1.1573193660296965e-05
  }
}